{"id": 0, "lm": "MLE", "n": 1, "avg_perplexity": Infinity}
{"id": 1, "lm": "MLE", "n": 2, "avg_perplexity": Infinity}
{"id": 2, "lm": "MLE", "n": 3, "avg_perplexity": Infinity}
{"id": 3, "lm": "Lidstone", "n": 1, "gamma": 0.1, "avg_perplexity": 1565.5877233250765}
{"id": 4, "lm": "Lidstone", "n": 2, "gamma": 0.1, "avg_perplexity": 1585.8514425455571}
{"id": 5, "lm": "Lidstone", "n": 3, "gamma": 0.1, "avg_perplexity": 9163.493084662463}
{"id": 6, "lm": "Lidstone", "n": 4, "gamma": 0.1, "avg_perplexity": 19658.998493807267}
{"id": 7, "lm": "Lidstone", "n": 5, "gamma": 0.1, "avg_perplexity": 24735.004020739638}
{"id": 8, "lm": "Lidstone", "n": 1, "gamma": 0.5, "avg_perplexity": 1494.6316090265486}
{"id": 9, "lm": "Lidstone", "n": 2, "gamma": 0.5, "avg_perplexity": 3074.9017233964737}
{"id": 10, "lm": "Lidstone", "n": 3, "gamma": 0.5, "avg_perplexity": 14583.457362178942}
{"id": 11, "lm": "Lidstone", "n": 4, "gamma": 0.5, "avg_perplexity": 24384.03275229435}
{"id": 12, "lm": "Lidstone", "n": 5, "gamma": 0.5, "avg_perplexity": 27955.01039057523}
{"id": 13, "lm": "Lidstone", "n": 1, "gamma": 0.7, "avg_perplexity": 1482.9466431831304}
{"id": 14, "lm": "Lidstone", "n": 2, "gamma": 0.7, "avg_perplexity": 3606.5859709087313}
{"id": 15, "lm": "Lidstone", "n": 3, "gamma": 0.7, "avg_perplexity": 16053.160306044223}
{"id": 16, "lm": "Lidstone", "n": 4, "gamma": 0.7, "avg_perplexity": 25527.027541746014}
{"id": 17, "lm": "Lidstone", "n": 5, "gamma": 0.7, "avg_perplexity": 28770.20899129169}
{"id": 18, "lm": "Lidstone", "n": 1, "gamma": 1, "avg_perplexity": 1473.093631853632}
{"id": 19, "lm": "Lidstone", "n": 2, "gamma": 1, "avg_perplexity": 4286.7509859932725}
{"id": 20, "lm": "Lidstone", "n": 3, "gamma": 1, "avg_perplexity": 17702.482041280637}
{"id": 21, "lm": "Lidstone", "n": 4, "gamma": 1, "avg_perplexity": 26747.22829789534}
{"id": 22, "lm": "Lidstone", "n": 5, "gamma": 1, "avg_perplexity": 29644.770814062515}
{"id": 23, "lm": "Lidstone", "n": 1, "gamma": 2, "avg_perplexity": 1466.9987071941698}
{"id": 24, "lm": "Lidstone", "n": 2, "gamma": 2, "avg_perplexity": 6004.521287436839}
{"id": 25, "lm": "Lidstone", "n": 3, "gamma": 2, "avg_perplexity": 21031.98542287339}
{"id": 26, "lm": "Lidstone", "n": 4, "gamma": 2, "avg_perplexity": 28998.0951454952}
{"id": 27, "lm": "Lidstone", "n": 5, "gamma": 2, "avg_perplexity": 31244.06692151303}
{"id": 28, "lm": "Lidstone", "n": 1, "gamma": 3, "avg_perplexity": 1477.2186181260365}
{"id": 29, "lm": "Lidstone", "n": 2, "gamma": 3, "avg_perplexity": 7273.805157487821}
{"id": 30, "lm": "Lidstone", "n": 3, "gamma": 3, "avg_perplexity": 22949.60957107361}
{"id": 31, "lm": "Lidstone", "n": 4, "gamma": 3, "avg_perplexity": 30157.034723612724}
{"id": 0, "lm": "MLE", "n": 1, "avg_perplexity": Infinity}
{"id": 1, "lm": "MLE", "n": 2, "avg_perplexity": Infinity}
{"id": 0, "lm": "MLE", "n": 1, "avg_perplexity": Infinity}
{"id": 1, "lm": "MLE", "n": 2, "avg_perplexity": Infinity}
{"id": 2, "lm": "MLE", "n": 3, "avg_perplexity": Infinity}
{"id": 3, "lm": "Lidstone", "n": 1, "gamma": 0.1, "avg_perplexity": 1565.5877233250765}
{"id": 4, "lm": "Lidstone", "n": 2, "gamma": 0.1, "avg_perplexity": 1585.8514425455571}
{"id": 5, "lm": "Lidstone", "n": 3, "gamma": 0.1, "avg_perplexity": 9163.493084662463}
{"id": 6, "lm": "Lidstone", "n": 4, "gamma": 0.1, "avg_perplexity": 19658.998493807267}
{"id": 7, "lm": "Lidstone", "n": 5, "gamma": 0.1, "avg_perplexity": 24735.004020739638}
{"id": 8, "lm": "Lidstone", "n": 1, "gamma": 0.5, "avg_perplexity": 1494.6316090265486}
{"id": 9, "lm": "Lidstone", "n": 2, "gamma": 0.5, "avg_perplexity": 3074.9017233964737}
{"id": 10, "lm": "Lidstone", "n": 3, "gamma": 0.5, "avg_perplexity": 14583.457362178942}
{"id": 11, "lm": "Lidstone", "n": 4, "gamma": 0.5, "avg_perplexity": 24384.03275229435}
{"id": 12, "lm": "Lidstone", "n": 5, "gamma": 0.5, "avg_perplexity": 27955.01039057523}
{"id": 13, "lm": "Lidstone", "n": 1, "gamma": 0.7, "avg_perplexity": 1482.9466431831304}
{"id": 14, "lm": "Lidstone", "n": 2, "gamma": 0.7, "avg_perplexity": 3606.5859709087313}
{"id": 15, "lm": "Lidstone", "n": 3, "gamma": 0.7, "avg_perplexity": 16053.160306044223}
{"id": 16, "lm": "Lidstone", "n": 4, "gamma": 0.7, "avg_perplexity": 25527.027541746014}
{"id": 17, "lm": "Lidstone", "n": 5, "gamma": 0.7, "avg_perplexity": 28770.20899129169}
{"id": 18, "lm": "Lidstone", "n": 1, "gamma": 1, "avg_perplexity": 1473.093631853632}
{"id": 19, "lm": "Lidstone", "n": 2, "gamma": 1, "avg_perplexity": 4286.7509859932725}
{"id": 20, "lm": "Lidstone", "n": 3, "gamma": 1, "avg_perplexity": 17702.482041280637}
{"id": 21, "lm": "Lidstone", "n": 4, "gamma": 1, "avg_perplexity": 26747.22829789534}
{"id": 22, "lm": "Lidstone", "n": 5, "gamma": 1, "avg_perplexity": 29644.770814062515}
{"id": 23, "lm": "Lidstone", "n": 1, "gamma": 2, "avg_perplexity": 1466.9987071941698}
{"id": 24, "lm": "Lidstone", "n": 2, "gamma": 2, "avg_perplexity": 6004.521287436839}
{"id": 25, "lm": "Lidstone", "n": 3, "gamma": 2, "avg_perplexity": 21031.98542287339}
{"id": 26, "lm": "Lidstone", "n": 4, "gamma": 2, "avg_perplexity": 28998.0951454952}
{"id": 27, "lm": "Lidstone", "n": 5, "gamma": 2, "avg_perplexity": 31244.06692151303}
{"id": 28, "lm": "Lidstone", "n": 1, "gamma": 3, "avg_perplexity": 1477.2186181260365}
{"id": 29, "lm": "Lidstone", "n": 2, "gamma": 3, "avg_perplexity": 7273.805157487821}
{"id": 30, "lm": "Lidstone", "n": 3, "gamma": 3, "avg_perplexity": 22949.60957107361}
{"id": 31, "lm": "Lidstone", "n": 4, "gamma": 3, "avg_perplexity": 30157.034723612724}
{"id": 31, "lm": "Lidstone", "n": 4, "gamma": 3, "avg_perplexity": 30157.034723612724}
{"id": 32, "lm": "Lidstone", "n": 5, "gamma": 3, "avg_perplexity": 32046.010587807395}
{"id": 33, "lm": "KneserNeyInterpolated", "n": 1, "discount": 0.001, "avg_perplexity": 35267.99999999982}
{"id": 34, "lm": "KneserNeyInterpolated", "n": 2, "discount": 0.001, "avg_perplexity": 4600.530835847665}
{"id": 35, "lm": "KneserNeyInterpolated", "n": 3, "discount": 0.001, "avg_perplexity": 49761.41815483784}
{"id": 36, "lm": "KneserNeyInterpolated", "n": 4, "discount": 0.001, "avg_perplexity": 159749.36891497023}
{"id": 37, "lm": "KneserNeyInterpolated", "n": 5, "discount": 0.001, "avg_perplexity": 232815.14183841905}
{"id": 38, "lm": "KneserNeyInterpolated", "n": 1, "discount": 0.01, "avg_perplexity": 35267.99999999982}
{"id": 39, "lm": "KneserNeyInterpolated", "n": 2, "discount": 0.01, "avg_perplexity": 2162.0600026474817}
{"id": 40, "lm": "KneserNeyInterpolated", "n": 3, "discount": 0.01, "avg_perplexity": 9911.880420294205}
{"id": 41, "lm": "KneserNeyInterpolated", "n": 4, "discount": 0.01, "avg_perplexity": 21474.433858313154}
{"id": 42, "lm": "KneserNeyInterpolated", "n": 5, "discount": 0.01, "avg_perplexity": 27495.771709449957}
{"id": 43, "lm": "KneserNeyInterpolated", "n": 1, "discount": 0.1, "avg_perplexity": 35267.99999999982}
{"id": 44, "lm": "KneserNeyInterpolated", "n": 2, "discount": 0.1, "avg_perplexity": 1051.810792939892}
{"id": 45, "lm": "KneserNeyInterpolated", "n": 3, "discount": 0.1, "avg_perplexity": 2028.5433090598872}
{"id": 46, "lm": "KneserNeyInterpolated", "n": 4, "discount": 0.1, "avg_perplexity": 2943.249699804071}
{"id": 47, "lm": "KneserNeyInterpolated", "n": 5, "discount": 0.1, "avg_perplexity": 3306.27738367623}
{"id": 48, "lm": "KneserNeyInterpolated", "n": 1, "discount": 0.5, "avg_perplexity": 35267.99999999982}
{"id": 49, "lm": "KneserNeyInterpolated", "n": 2, "discount": 0.5, "avg_perplexity": 690.781728330744}
{"id": 50, "lm": "KneserNeyInterpolated", "n": 3, "discount": 0.5, "avg_perplexity": 728.1380208614934}
{"id": 51, "lm": "KneserNeyInterpolated", "n": 4, "discount": 0.5, "avg_perplexity": 795.1198872139703}
{"id": 52, "lm": "KneserNeyInterpolated", "n": 5, "discount": 0.5, "avg_perplexity": 813.81887371104}
{"id": 53, "lm": "KneserNeyInterpolated", "n": 1, "discount": 1, "avg_perplexity": 35267.99999999982}
{"id": 54, "lm": "KneserNeyInterpolated", "n": 2, "discount": 1,